"species","last_seen","rediscovery_date"
"Abronia anzuetoi",1974,NA
"Abronia campbelli",1993,2010
"Abronia frosti",1998,2010
"Abronia mitchelli",1974,NA
"Abronia ochoterenai",1935,NA
"Abronia ornelasi",1985,NA
"Abronia ramirezi",1990,NA
"Acanthodactylus spinicauda",1901,2015
"Acanthosaura bintangensis",2008,NA
"Acanthosaura brachypoda",2006,NA
"Acerodon humilis",1899,1999
"Acrocephalus longirostris",1981,NA
"Acrocephalus orinus",1867,2006
"Actenoides bougainvillei",1953,1994
"Adenomus kandianus",1872,2009
"Adercosaurus vixadnexus",1995,NA
"Aegotheles savesi",1998,NA
"Aegotheles tatei",1969,2003
"Aepypodius bruijnii",1938,2002
"Agama lucyae",1964,NA
"Aipysurus apraefrontalis",2000,2015
"Aipysurus foliosquama",2001,2015
"Aipysurus fuscus",2005,NA
"Alinea lanceolata",1889,NA
"Allobates caribe",2000,NA
"Allobates humilis",1980,2002
"Allobates mcdiarmidi",2005,NA
"Allobates ranoides",2001,NA
"Allocebus trichotis",1875,1989
"Alopoglossus lehmanni",1962,NA
"Alsodes montanus",1902,1964
"Alsophis antiguae",1936,1965
"Altiphrynoides osgoodi",2003,NA
"Amaurocichla bocagii",1928,1990
"Amazilia alfaroana",1895,NA
"Amblyornis flavifrons",1895,1981
"Ameerega boliviana",1902,1998
"Ameerega planipaleae",1996,2007
"Amerotyphlops tasymicris",1968,2010
"Amolops kaulbacki",1935,NA
"Amolops mengyangensis",1957,NA
"Amphiglossus mandady",1999,NA
"Amphiglossus spilostichus",1996,NA
"Amphiglossus stylus",1999,NA
"Amphisbaena absaberi",1993,NA
"Amphisbaena acrobeles",2003,NA
"Amphisbaena arda",2000,NA
"Amphisbaena bagual",2002,NA
"Amphisbaena brevis",2001,NA
"Amphisbaena carlgansi",1994,2019
"Amphisbaena cayemite",1971,NA
"Amphisbaena leali",1991,NA
"Amphisbaena myersi",1963,NA
"Amphisbaena polygrammica",1900,NA
"Amphisbaena rozei",1953,NA
"Amphisbaena stejnegeri",1921,NA
"Amphisbaena tragorrhectes",1968,NA
"Anadia altaserrania",1939,NA
"Anadia blakei",1992,NA
"Anas nesiotis",1886,1975
"Andinobates abditus",1974,NA
"Andinobates viridis",2005,NA
"Anilios insperatus",1992,NA
"Anodorhynchus glaucus",2001,NA
"Anodorhynchus leari",1856,1978
"Anolis alfaroi",1990,2020
"Anolis altitudinalis",1989,NA
"Anolis birama",1980,2019
"Anolis carlostoddi",1984,NA
"Anolis garridoi",1991,2020
"Anolis incredulus",1963,NA
"Anolis juangundlachi",2008,NA
"Anolis laevis",1850,NA
"Anolis lamari",1980,NA
"Anolis oporinus",1990,NA
"Anolis paravertebralis",1920,NA
"Anolis proboscis",1955,2005
"Anolis radulinus",1862,NA
"Anolis roosevelti",1932,NA
"Anolis singularis",1962,NA
"Anolis vicarius",1981,NA
"Anomaloglossus degranvillei",2009,NA
"Ansonia latidisca",1924,2011
"Ansonia siamensis",1998,NA
"Aplastodiscus musicus",1949,NA
"Aplonis pelzelni",1995,NA
"Apomys sacobianus",1991,2011
"Aproteles bulmerae",1970,1992
"Aquiloeurycea praecellens",1940,NA
"Ara glaucogularis",1922,1992
"Arborophila davidi",1927,1991
"Arctocephalus philippii",1900,1965
"Arctocephalus townsendi",1850,1954
"Aromobates alboguttatus",1995,NA
"Aromobates haydeeae",1995,NA
"Aromobates leopardalis",1995,NA
"Aromobates molinarii",2007,NA
"Aromobates nocturnus",1991,NA
"Aromobates serranus",1985,NA
"Arthroleptides dutoiti",1962,NA
"Arthroleptis aureoli",1963,2003
"Arthroleptis kutogundua",1930,NA
"Arthroleptis troglodytes",1962,2016
"Arthrosaura testigensis",1988,NA
"Asaccus saffinae",2008,NA
"Asymblepharus mahabharatus",1998,NA
"Asymblepharus nepalensis",1991,NA
"Atelopus angelito",2000,NA
"Atelopus ardila",1989,NA
"Atelopus arsyecue",1991,2019
"Atelopus arthuri",1988,NA
"Atelopus bomolochos",1991,2002
"Atelopus boulengeri",1984,NA
"Atelopus carauta",1987,NA
"Atelopus carbonerensis",1998,NA
"Atelopus carrikeri",1994,2008
"Atelopus chirripoensis",1980,NA
"Atelopus chocoensis",1998,NA
"Atelopus coynei",1984,2012
"Atelopus cruciger",1982,2003
"Atelopus dimorphus",1980,NA
"Atelopus ebenoides",2005,NA
"Atelopus erythropus",2004,NA
"Atelopus eusebianus",2004,NA
"Atelopus eusebiodiazi",1997,NA
"Atelopus famelicus",2005,NA
"Atelopus farci",2003,NA
"Atelopus galactogaster",1995,NA
"Atelopus gigas",1970,NA
"Atelopus guanujo",1988,NA
"Atelopus guitarraensis",1990,NA
"Atelopus halihelos",1984,NA
"Atelopus ignescens",1988,2016
"Atelopus laetissimus",1992,2006
"Atelopus longibrachius",1990,NA
"Atelopus lynchi",1984,NA
"Atelopus mandingues",1992,NA
"Atelopus mindoensis",1973,2019
"Atelopus minutulus",1985,NA
"Atelopus monohernandezii",1982,NA
"Atelopus mucubajiensis",2004,NA
"Atelopus muisca",2008,NA
"Atelopus nahumae",1992,2006
"Atelopus nicefori",1988,NA
"Atelopus onorei",1990,NA
"Atelopus orcesi",1998,NA
"Atelopus oxyrhynchus",1994,NA
"Atelopus pachydermus",1995,NA
"Atelopus palmatus",2008,NA
"Atelopus pastuso",1993,NA
"Atelopus pedimarmoratus",1963,NA
"Atelopus peruensis",1998,NA
"Atelopus petersi",1996,NA
"Atelopus petriruizi",1998,NA
"Atelopus pictiventris",1996,NA
"Atelopus pinangoi",1997,NA
"Atelopus planispina",1985,NA
"Atelopus podocarpus",1994,NA
"Atelopus pyrodactylus",2006,NA
"Atelopus quimbaya",1997,NA
"Atelopus reticulatus",1992,NA
"Atelopus sanjosei",1993,NA
"Atelopus seminiferus",1874,2001
"Atelopus sernai",2001,NA
"Atelopus simulatus",2003,NA
"Atelopus siranus",1988,NA
"Atelopus sonsonensis",1996,NA
"Atelopus sorianoi",1990,NA
"Atelopus subornatus",1993,NA
"Atelopus tamaense",1987,NA
"Atelopus zeteki",2009,NA
"Athene blewitti",1884,1997
"Atlapetes blancae",1971,2018
"Atlapetes pallidiceps",1969,1998
"Atlapetes terborghi",1968,NA
"Atopophrynus syntomopus",1980,NA
"Atractus andinus",1943,NA
"Atractus boulengerii",1896,2009
"Atractus microrhynchus",1868,2012
"Atractus peruvianus",1862,NA
"Atrichornis clamosus",1889,1961
"Austrochaperina brevipes",1896,1986
"Austrochaperina yelaensis",1960,2004
"Aythya innotata",1991,2006
"Bachia micromela",2001,NA
"Bachia psamophila",2002,NA
"Bachia remota",2005,NA
"Baikia africana",1963,NA
"Balantiopteryx infusca",1891,1991
"Bangsia aureocincta",1946,1992
"Bangsia melanochlamys",1948,1999
"Barbourula busuangensis",1923,1940
"Barbourula kalimantanensis",1995,2007
"Barkudia insularis",1917,2003
"Biswamoyopterus biswasi",1981,NA
"Boana secedens",1963,NA
"Bokermannohyla izecksohni",2008,NA
"Bokermannohyla langei",1965,NA
"Bolitoglossa capitana",2004,NA
"Bolitoglossa nussbaumi",1998,NA
"Boophis williamsi",1979,2001
"Bos sauveli",1969.5,NA
"Bostrychia bocagei",1920,1990
"Brachycephalus nodoterga",1920,NA
"Brachymeles dalawangdaliri",1972,NA
"Brachymeles elerae",1920,2010
"Brachymeles isangdaliri",2009,NA
"Brachymeles ligtas",2009,NA
"Brachymeles lukbani",2008,NA
"Brachymeles vermis",1980,NA
"Brachymeles wrighti",1925,NA
"Brachytarsomys villosa",1962,1999
"Bradypterus seebohmi",1894,2004
"Bradytriton silus",1976,2009
"Bronchocela orlovi",1993,NA
"Brookesia lambertoni",1921,NA
"Bufoides kempi",2002,NA
"Bunolagus monticularis",1902,1929
"Cabalus lafresnayanus",1890,NA
"Cacicus koepckeae",1965,1998
"Calcochloris tytonis",1964,NA
"Caledoniscincus cryptos",1990,NA
"Caledoniscincus terma",1995,NA
"Callaeas cinereus",2007,NA
"Callixalus pictus",1950,NA
"Calotes bhutanensis",1967,NA
"Calyptura cristata",1996,NA
"Campephilus imperialis",1956,NA
"Campephilus principalis",1944,NA
"Campylopterus phainopeplus",2010,NA
"Caprimulgus prigoginei",1955,NA
"Caprimulgus solala",1989,2009
"Caprolagus hispidus",1845,1971
"Cardioglossa cyaneospila",1949,2011
"Carlia sukur",1908,NA
"Carpococcyx viridis",1916,1997
"Carpomys melanurus",1896,2008
"Celatiscincus euryotis",1992,NA
"Celestus duquesneyi",1935,1997
"Celestus fowleri",1970,NA
"Celestus microblepharis",1952,NA
"Celestus occiduus",1840,NA
"Celeus obrieni",1926,2006
"Cercopithecus sclateri",1902.5,1988
"Cercosaura steyeri",1994,NA
"Chacodelphys formosa",1920,2004
"Chalcides ebneri",1970,NA
"Chalcides pentadactylus",1870,NA
"Chamaeleon monoceras",1905,NA
"Charmosyna amabilis",2002,NA
"Charmosyna diadema",1913,NA
"Charmosyna toxopei",1981,2014
"Cheirogaleus sibreei",1894,2001
"Chelodina kuchlingi",1997,NA
"Chelonoidis phantasticus",1964,2019
"Chiasmocleis sapiranga",2005,NA
"Chinchilla lanigera",1955,1978
"Chirindia mpwapwaensis",1929,NA
"Chiropterotriton casasi",1969,NA
"Chodsigoa sodalis",1913,1997
"Chrysochloris visagiei",1950,NA
"Cisticola melanurus",1972,2005
"Clytoctantes alixii",1965,2004
"Clytoctantes atrogularis",1986,2004
"Clytorhynchus sanctaecrucis",1927,2004
"Cnemaspis amith",1850,NA
"Cnemaspis andersonii",1905,NA
"Cnemaspis bayuensis",2008,NA
"Cnemaspis dezwaani",2009,NA
"Cnemaspis jacobsoni",1913,NA
"Cnemaspis laoensis",1998,NA
"Cnemaspis latha",2006,NA
"Cnemaspis menikay",2006,NA
"Cnemaspis minang",2007,NA
"Cnemaspis monticola",1850,NA
"Cnemaspis pagai",2009,NA
"Cnemaspis punctata",2007,NA
"Cnemaspis rajabasa",1996,NA
"Cnemaspis sundagekko",1925,NA
"Cnemaspis tapanuli",1975,NA
"Coeligena orina",1951,2004
"Columba argentina",1931,2008
"Columbina cyanopis",1941,2015
"Complicitus nigrigularis",2004,NA
"Conothraupis mesoleuca",1938,2003
"Conraua derooi",1980,2005
"Contomastix vittata",1900,2014
"Copeoglossum margaritae",1967,NA
"Copsychus cebuensis",1965,1981
"Correlophus belepensis",2002,NA
"Correlophus ciliatus",1883,1994
"Corvus unicolor",1900,2007
"Crateromys australis",1975,2012
"Crateromys paulus",1953,NA
"Craugastor adamastus",1985,NA
"Craugastor andi",1985,NA
"Craugastor catalinae",1990,NA
"Craugastor chrysozetetes",1994,NA
"Craugastor cruzi",1988,NA
"Craugastor epochthidius",1999,NA
"Craugastor fecundus",1989,NA
"Craugastor fleischmanni",2010,NA
"Craugastor gulosus",2006,NA
"Craugastor merendonensis",1975,NA
"Craugastor milesi",1992,2009
"Craugastor obesus",1984,NA
"Craugastor olanchano",2001,NA
"Craugastor phasma",1992,NA
"Craugastor punctariolus",2010,NA
"Craugastor rhyacobatrachus",1982,NA
"Craugastor saltuarius",1992.5,NA
"Craugastor trachydermus",1989,NA
"Crithagra flavigula",1886,1989
"Crocidura andamanensis",1902,1999
"Crocidura dhofarensis",1977,2005
"Crocidura jenkinsi",1978,1999
"Crocidura macmillani",1915,2002
"Crocidura picea",1940,1999
"Crocidura trichura",1985,NA
"Crocidura wimmeri",1982,2012
"Crossodactylodes pintoi",1938,NA
"Crossodactylus grandis",1965,NA
"Cryptoblepharus ahli",1848,NA
"Cryptoblepharus wulbu",2000,NA
"Cryptochloris wintoni",1937,NA
"Cryptochloris zyli",2003,NA
"Cryptotis endersi",1941,1980
"Cryptotis nelsoni",1900,2009
"Ctenotus aphrodite",1983,NA
"Ctenotus serotinus",1982.5,NA
"Ctenotus zastictus",1986,NA
"Cuora yunnanensis",1925,2004
"Cuora zhoui",2009,NA
"Cuscomys oblativa",1500,2009
"Cycloramphus asper",1977.5,NA
"Cycloramphus bolitoglossus",2003,NA
"Cycloramphus brasiliensis",1864,NA
"Cycloramphus diringshofeni",1957,NA
"Cycloramphus granulosus",1929,NA
"Cycloramphus ohausi",1907,NA
"Cycloramphus valae",1982,NA
"Cyclura collei",1945,1970
"Cynisca degrysi",1888,NA
"Cynisca gansi",1965,NA
"Cynisca haugi",1901,NA
"Cynisca kigomensis",1967,NA
"Cynisca nigeriensis",1966,NA
"Cynisca schaeferi",1911,NA
"Cynisca williamsi",1963,NA
"Cyornis ruckii",1918,NA
"Cyrtodactylus batik",2009,NA
"Cyrtodactylus cucphuongensis",2008,NA
"Cyrtodactylus derongo",1969,NA
"Cyrtodactylus eisenmanae",2006,NA
"Cyrtodactylus jarakensis",2007,NA
"Cyrtodactylus jeyporensis",1877,2010
"Cyrtodactylus khammouanensis",2009,NA
"Cyrtodactylus kimberleyensis",2007,NA
"Cyrtodactylus manos",2001,NA
"Cyrtodactylus minor",2003,NA
"Cyrtodactylus surin",2005,NA
"Cyrtodactylus tamaiensis",1939,NA
"Cyrtopodion belaense",2003,NA
"Dactylopsila tatei",1932,1992
"Dalophia gigantea",1903,NA
"Dalophia luluae",1932,NA
"Dasia johnsinghi",2005,NA
"Dendrolagus mayri",1928,2018
"Dendromus vernayi",1937,NA
"Dendrophidion atlantica",2006,NA
"Dendrophidion boshelli",1938,2014
"Dendrophryniscus proboscideus",1936,2000
"Dendropsophus amicorum",1968,NA
"Dendropsophus ruschii",1987,2005
"Dendrotriton cuchumatanus",1975,2005
"Dibamus alfredi",1961,NA
"Dibamus booliati",2001,NA
"Dibamus deharvengi",1995,NA
"Dibamus dezwaani",1910,NA
"Dibamus ingeri",1989,NA
"Dibamus kondaoensis",1987,NA
"Dibamus montanus",1917,NA
"Dibamus somsaki",1995,NA
"Dibamus tebal",1913,NA
"Dibamus vorisi",1990,NA
"Dicaeum quadricolor",1906,1992
"Dierogekko baaba",2006,NA
"Dierogekko inexpectatus",2008,NA
"Dierogekko kaalaensis",2002,NA
"Dierogekko poumensis",2007,NA
"Dierogekko thomaswhitei",2004,NA
"Diglossa gloriosissima",1965,2003
"Diploderma ngoclinensis",2004,NA
"Diplogale hosei",1955,2005
"Dipodomys gravipes",1986,2017
"Diporiphora convergens",1972,NA
"Ditaxodon taeniatus",1992.5,NA
"Dobsonia chapmani",1975,2001
"Draco biaro",1998,NA
"Draco iskandari",1998,NA
"Dryophytes bocourti",1984,NA
"Duttaphrynus sumatranus",1860,2001
"Duttaphrynus valhallae",1908,NA
"Dysithamnus occidentalis",1941,1991
"Ecnomiohyla echinata",1962,NA
"Ecnomiohyla rabborum",2007,NA
"Ectophylla alba",1885,1961
"Ectopoglossus atopoglossus",1995,NA
"Eleoscytalopus psychopompus",1983,2004
"Elephantulus fuscipes",1967,NA
"Elephantulus revoilii",1970,2019
"Eleutherodactylus cubanus",1936,1994
"Eleutherodactylus darlingtoni",1985,NA
"Eleutherodactylus eneidae",1990,NA
"Eleutherodactylus glanduliferoides",1985,NA
"Eleutherodactylus jamaicensis",1987,NA
"Eleutherodactylus jasperi",1981,NA
"Eleutherodactylus junori",1985,NA
"Eleutherodactylus karlschmidti",1976,NA
"Eleutherodactylus limbensis",1958,NA
"Eleutherodactylus lucioi",1980,NA
"Eleutherodactylus orcutti",1985,NA
"Eleutherodactylus rucillensis",1986,NA
"Eleutherodactylus schmidti",1985,NA
"Eleutherodactylus sisyphodemus",1984,NA
"Eleutherodactylus turquinensis",1936,1994
"Elusor macrurus",1975,1995
"Embernagra longicauda",1918,1928
"Emmochliophis fugleri",1965,2019
"Emoia aneityumensis",2004,NA
"Emoia campbelli",1983,NA
"Emoia coggeri",1963,NA
"Emoia cyclops",1938,NA
"Emoia erronan",2005,NA
"Emoia laobaoense",1937,NA
"Emoia loyaltiensis",2003,NA
"Emoia oriva",1986,NA
"Emoia paniai",1959,NA
"Emoia rufilabialis",1998,NA
"Emoia taumakoensis",1981,NA
"Emoia tuitarere",2000,NA
"Enyalioides sophiarothschildae",2008,NA
"Enyalius erythroceneus",2005,NA
"Epibator greeri",1979,2019
"Epictia rubrolineata",1901,NA
"Eremias cholistanica",2004,NA
"Eremias isfahanica",2009,NA
"Eremiascincus butlerorum",1989,NA
"Ericabatrachus baleensis",2009,NA
"Eriocnemis godini",1850,NA
"Eriocnemis mirabilis",1987,1997
"Eriocnemis nigrivestis",1950,1980
"Erythrolamprus cursor",1968,NA
"Erythrolamprus ornatus",1973,2012
"Erythrolamprus perfuscus",1963,NA
"Erythrolamprus williamsi",2010,NA
"Estrilda poliopareia",1987,2002
"Eugongylus sulaensis",1914,NA
"Eumeces cholistanensis",2002,NA
"Eumeces indothalensis",1984,NA
"Eumecia johnstoni",1897,NA
"Eumyias additus",1925,1995
"Eupetaurus cinereus",1924,1994
"Eurochelidon sirintarae",1978,NA
"Eurostopodus diabolicus",1931,1996
"Eurostopodus exul",1939,NA
"Eurycea robusta",1955,NA
"Euspondylus auyanensis",1998,NA
"Eutrichomyias rowleyi",1873,1998
"Eutriorchis astur",1950,1993
"Eutropis darevskii",1991,NA
"Eutropis gansi",1990,NA
"Eutropis macrophthalma",1999,NA
"Eutropis quadratilobus",1972,NA
"Excidobates mysteriosus",1929,1982
"Feylinia boulengeri",1917,NA
"Ficedula bonthaina",1931,1995
"Ficedula disposita",1967,1991
"Flexiseps stylus",1999,NA
"Formicivora erythronotos",1850,1987
"Fregetta maoriana",1850,2003
"Funisciurus duchaillui",1952,1993
"Furcifer monoceras",1905,NA
"Furcifer voeltzkowi",1913,2018
"Gallicolumba menagei",1891,NA
"Gallirallus lafresnayanus",1890,NA
"Gallotia bravoana",1800,1999
"Gastrotheca angustifrons",1995,NA
"Gastrotheca antomia",1997,NA
"Gastrotheca christiani",1996,NA
"Gastrotheca cornuta",2005,2018
"Gastrotheca ernestoi",1920,NA
"Gastrotheca fulvorufa",1911,NA
"Gastrotheca guentheri",1996,NA
"Gastrotheca splendens",1857,1997
"Gegeneophis seshachari",1967,2003
"Gekko guishanicus",1998,NA
"Genetta cristata",1933,1989
"Geocapromys ingrahami",1931,1953
"Geoscincus haraldmeieri",1975,NA
"Glaphyromorphus arnhemicus",1960,NA
"Glaucidium mooreorum",2001,NA
"Glischropus javanus",1939,2004
"Gonatodes infernalis",2007,NA
"Gonatodes lichenosus",2009,NA
"Goniurosaurus huuliensis",2003,NA
"Gonocephalus lacunosus",1990,NA
"Gonocephalus mjobergi",1924,NA
"Grallaria chthonia",1956,2016
"Grallaria milleri",1942,1994
"Gymnobelideus leadbeateri",1910,1961
"Haackgreerius miopus",1959,NA
"Hapalopsittaca fuertesi",1911,2002
"Harpesaurus beccarii",1915,1988
"Harpesaurus borneensis",1997,2017
"Harpesaurus ensicauda",1912,NA
"Harpesaurus modiglianii",1933,2018
"Harpiola grisea",1872,2002
"Hemidactylus aporus",1903,NA
"Hemidactylus endophis",1885,NA
"Hemidactylus klauberi",1931,NA
"Hemidactylus lopezjuradoi",1997,NA
"Hemidactylus makolowodei",2001,NA
"Hemidactylus newtoni",1897,NA
"Hemidactylus romeshkanicus",2007,NA
"Hemignathus affinis",1995,NA
"Hemignathus hanapepe",1899,NA
"Hemitriccus inornatus",1831,1992
"Hemitriccus kaempferi",1929,1991
"Heosemys depressa",1925,2009
"Herpetoreas pealii",1891,2018
"Heterodactylus septentrionalis",2007,NA
"Heteromirafra archeri",1955,2011
"Hipposideros marisae",1989,2009
"Hipposideros ridleyi",1910,1975
"Holcosus orcesi",1959,NA
"Holoaden bradei",1976,NA
"Holoaden luederwaldti",1967,2005
"Hyalinobatrachium talamancae",1952,2001
"Hydrobates macrodactylus",1912,NA
"Hydrophis hendersoni",1903,NA
"Hydrophis klossi",1912,NA
"Hydrophis nigrocinctus",1943,NA
"Hydrophis torquatus",1990,NA
"Hydrophis vorisi",1984,NA
"Hydrornis schneideri",1918,1988
"Hyla nicefori",1945,NA
"Hylodes mertensi",1965,NA
"Hylodes regius",1979,2014
"Hyloscirtus charazani",1970,1997
"Hyloscirtus chlorosteus",1975,NA
"Hyloscirtus lynchi",2010,NA
"Hyloscirtus pantostictus",2008,NA
"Hyloxalus abditaurantius",1995,NA
"Hyloxalus anthracinus",1991,NA
"Hyloxalus edwardsi",1996,NA
"Hyloxalus maquipucuna",1990,NA
"Hyloxalus marmoreoventris",1962,NA
"Hyloxalus ruizi",1979,NA
"Hynobius turkestanicus",1909,NA
"Hypsilurus nigrigularis",1874,NA
"Hypsirhynchus ater",1925,NA
"Hypsirhynchus melanichnus",1910,NA
"Ialtris parishi",1970,NA
"Ichnotropis chapini",1925,NA
"Ichnotropis tanganicana",1896,NA
"Ichthyophis hypocyaneus",1827,2000
"Ichthyophis singaporensis",1847,NA
"Incilius fastidiosus",1990,NA
"Incilius majordomus",1980,NA
"Incilius peripatetes",1980,NA
"Indirana longicrus",1937,NA
"Insulasaurus traanorum",2007,NA
"Ischnocnema pusilla",1967,NA
"Ischnocnema randorum",1985,NA
"Isthmohyla calypsa",2002,NA
"Isthmohyla rivularis",1988,2007
"Ixalotriton niger",2000,2011
"Ixalotriton parvus",1985,2007
"Japalura dasi",1997,NA
"Kaieteurosaurus hindsi",2004,NA
"Kalophrynus eok",2001,NA
"Kalophrynus robinsoni",1922,NA
"Kerivoula africana",1878,2000
"Kolpophis annandalei",1993,NA
"Kurixalus naso",1912,2000
"Lamprolepis leucosticta",1956,NA
"Laniarius brauni",1957,2005
"Lanius newtoni",1928,1990
"Lankascincus sripadensis",2006,NA
"Lankascincus taprobanensis",2006,NA
"Lanthocincla bieti",1989,2008
"Larutia nubisilvicola",2007,NA
"Larutia puehensis",1927,NA
"Latastia ornata",1938,NA
"Latastia siebenrocki",1905,NA
"Latidens salimalii",1948,1993
"Latonia nigriventer",1955,2011
"Laurentophryne parkeri",1950,NA
"Leimacomys buettneri",1890,NA
"Leiocephalus pratensis",1966,NA
"Leiocephalus rhutidira",1978,NA
"Leontopithecus chrysopygus",1905,1970
"Lepidoblepharis miyatai",1964,2015
"Lepidodactylus buleli",2006,NA
"Lepidodactylus gardineri",1982,NA
"Lepidodactylus labialis",1971,NA
"Lepidodactylus oligoporus",2004,NA
"Lepidodactylus tepukapili",1998,NA
"Lepidophyma chicoasensis",1993,NA
"Lepidophyma dontomasi",1972,2019
"Lepidophyma lowei",1991,NA
"Lepidophyma zongolica",2007,2018
"Lepidothrix vilasboasi",1957,2002
"Leptodactylus silvanimbus",1995,NA
"Leptodon forbesi",1922,1987
"Leptomys signatus",1936,2003
"Leptoseps poilani",2005,NA
"Leptosiaphos fuhni",1957,NA
"Leptosiaphos hylophilus",1955,NA
"Leptosiaphos koutoui",2001,NA
"Leptosiaphos rhomboidalis",1982,NA
"Leptotpyhlops telloi",1976,NA
"Leptotyphlops pungwensis",1997,NA
"Lerista allanae",1960,2009
"Lerista ameles",2006,NA
"Lerista haroldi",1995,NA
"Lerista puncticauda",2003,NA
"Lerista quadrivincula",1980,NA
"Letheobia leucosticta",1974,NA
"Leucopeza semperi",1961,NA
"Liolaemus antumalguen",2005,NA
"Liolaemus crandalli",2009,NA
"Liolaemus cranwelli",1973,NA
"Liolaemus duellmani",1974,NA
"Liolaemus montanezi",2005,NA
"Liolaemus rabinoi",1974,2010
"Lioscincus vivae",2003,NA
"Liotyphlops schubarti",1948,NA
"Lipinia cheesmanae",1989,NA
"Lipinia inconspicua",1894,NA
"Lipinia miangensis",1901,NA
"Lipinia nitens",1999,NA
"Lipinia occidentalis",1962,NA
"Lipinia relicta",2009,NA
"Lipinia semperi",2007,NA
"Lipinia subvittata",2007,NA
"Lipinia venemai",1952,NA
"Lithobates fisheri",1942,NA
"Lithobates onca",1950,1995
"Lithobates pueblae",1948,NA
"Lithobates tlaloci",1985,NA
"Lithobates vibicarius",1990,2002
"Litoria lorica",1991,2008
"Litoria nyakalensis",1990,NA
"Litoria piperata",1973,NA
"Liuixalus romeri",1953,1984
"Loddigesia mirabilis",1835,1965
"Lophura edwardsi",2000,NA
"Loveridgea phylofiniens",1899,NA
"Loxops ochraceus",1988,NA
"Luperosaurus yasumai",1994,NA
"Lycodon kundui",1943,NA
"Lygodactylus blanci",2008,NA
"Lygodactylus grandisonae",1962,NA
"Lygodactylus ornatus",1996,NA
"Lygodactylus pauliani",1996,NA
"Lygosoma bampfyldei",1895,NA
"Lygosoma boehmei",2006,NA
"Lygosoma kinabatanganense",1999,NA
"Lygosoma schneideri",1899,NA
"Lygosoma singha",1950,NA
"Lygosoma Vosmaeri",1839,2009
"Mabuya cochonae",1963,NA
"Mabuya grandisterrae",1920,NA
"Mabuya guadeloupae",1892,NA
"Mabuya hispaniolae",1937,NA
"Mabuya mabouya",1889,NA
"Mabuya montserratae",1984,NA
"Macroagelaius subalaris",1953,2005
"Macropholidus ataktolepis",1991,NA
"Madatyphlops madagascariensis",1921,NA
"Malacocincla perspicillata",1848,2020
"Mannophryne neblina",1951,NA
"Mantidactylus pauliani",1979,2001
"Marinussaurus curupira",2007,NA
"Marisora magnacornae",1928,NA
"Marmorosphax boulinda",2002,NA
"Marmorosphax kaala",2002,NA
"Marmosa andersoni",1954,1997
"Megastomatohyla mixe",2005,NA
"Melanobatrachus indicus",1878,1997
"Melanocharis arfakiana",1933,1992
"Melanomys zunigae",1949,NA
"Melanophryniscus macrogranulosus",1973,2004
"Melanophryniscus pachyrhynus",1905,2005
"Melanophryniscus peritus",1953,NA
"Melanospiza richardsoni",1886,1929
"Melomys fraterculus",1920,NA
"Melomys fulgens",1920,1993
"Melomys rubicola",2009,NA
"Meristogenys macrophthalmus",1964,NA
"Merulaxis stresemanni",1945,1995
"Mesalina ercolinii",1968,NA
"Mesocapromys angelcabrerai",1979,2004
"Mesocapromys nanus",1951,NA
"Mesocapromys sanfelipensis",1978,NA
"Micrixalus kottigeharensis",1937,2001
"Micrixalus silvaticus",1882,NA
"Microakodontomys transitorius",1993,2003
"Microcebus myoxinus",1893,1993
"Microhyla maculifera",1989,NA
"Mitophis calypso",1981,NA
"Mitophis leptipileptus",1984,NA
"Mochlus simonettai",1978,NA
"Mokopirirakau cupola",2007,NA
"Mokopirirakau Okarito",2000,2020
"Monodelphis unistriata",1899,NA
"Monopeltis adercae",1953,NA
"Monopeltis remaclei",1933,NA
"Montaspis gilvomaculata",2000,NA
"Muntiacus montanus",1930,2008
"Muntiacus rooseveltorum",1929,1994
"Murina tenebrosa",1962,NA
"Mustela russelliana",1911,NA
"Mustela tonkinensis",1939,NA
"Myadestes lanaiensis",1980,NA
"Myotis planiceps",1970,2004
"Myriopholis yemenicus",1933,NA
"Mystacina robusta",1967,NA
"Nactus acutus",2004,NA
"Nannophryne cophotis",2005,NA
"Nannoscincus garrulus",2002,NA
"Nannoscincus humectus",1996,NA
"Nannoscincus koniambo",2009,NA
"Nannoscincus manautei",2002,NA
"Nannoscincus rankini",1998,NA
"Nanorana aenea",1938,2000
"Nanorana mokokchungensis",1996,NA
"Natalus primus",1919,1992
"Nectophrynoides poyntoni",2003,NA
"Nemosia rourei",1941,1998
"Neodrepanis hypoxantha",1933,1988
"Neonycteris pusilla",1929,NA
"Neopteryx frosti",1939,1985
"Nesolagus netscheri",1972,2000
"Nesoromys ceramicus",1920,1987
"Nesoryzomys fernandinae",1979,1995
"Nesoryzomys swarthi",1906,1997
"Nessia deraniyagalai",1944,NA
"Newtonia fanovanae",1933,1989
"Nilopegamys plumbeus",1925,NA
"Nimbaphrynoides occidentalis",1978,2010
"Nomascus nasutus",1965,2002
"Nototriton tomamorum",2010,NA
"Nucras aurantiaca",2011,NA
"Numenius borealis",1963,NA
"Nyctibius leucopterus",1817,1993
"Nycticebus bancanus",1937,NA
"Nyctimene malaitensis",1968,2004
"Nymphargus armatus",1997,NA
"Nymphargus bejaranoi",2002,2020
"Nymphargus truebae",2005,NA
"Octodon pacificus",1994,NA
"Oedipina altura",1985,NA
"Oedipina maritima",1991,NA
"Oedipina paucidentata",1952,NA
"Oedipina petiola",1995,NA
"Ognorhynchus icterotis",1919,2005
"Oligodon jintakunei",2002,NA
"Oligosoma infrapunctatum",1887,NA
"Oligosoma pikitanga",2008,NA
"Omoadiphas cannula",1989,NA
"Onychogalea fraenata",1944,1974
"Ophidiocephalus taeniatus",1897,1978
"Ophiodes luciae",1995,NA
"Ophrysia superciliosa",1876,NA
"Oreobates granulosus",1903,2008
"Oreobates heterodactylus",1937,2005
"Oreobates zongoensis",1996,2017
"Ornithuroscincus albodorsalis",1974,NA
"Oroanassa magnifica",1960,1990
"Oryzomys gorgasi",1971,2001
"Oryzorictes tetradactylus",2008,NA
"Oscaecilia osae",1990,2004
"Otomops formosus",1939,1990
"Otus alfredi",1896,1994
"Otus capnodes",1886,1992
"Otus insularis",1906,1959
"Otus pauliani",1886,1989
"Otus siaoensis",1866,NA
"Oxypogon cyanolaemus",1946,2015
"Oxyuranus microlepidotus",1882,1972
"Pachydactylus otaviensis",2004,NA
"Pachytriton granulosus",1933,2009
"Panaspis burgeoni",1932,NA
"Panaspis duruarum",1947,NA
"Panaspis helleri",1925,NA
"Panaspis tancredii",1908,NA
"Panaspis wilsoni",1914,NA
"Pantepuisaurus rodriguesi",2007,NA
"Papuascincus buergersi",1913,NA
"Papuascincus phaeodes",1913,NA
"Paraclaravis geoffroyi",2005,NA
"Paracontias fasika",2007,NA
"Paracontias kankana",2008,NA
"Paracontias manify",2001,NA
"Paracontias tsararano",1996,NA
"Paracontias vermisaurus",2009,NA
"Paragehyra austini",2005,NA
"Parantechinus apicalis",1884,1967
"Paratelmatobius gaigeae",1931,2003
"Paratelmatobius lutzii",1978,NA
"Paratelmatobius mantiqueira",1953,2005
"Pareudiastes pacificus",1873,NA
"Pareudiastes silvestris",1953,NA
"Parhoplophryne usambarica",1925,NA
"Paroreomyza maculata",1985,NA
"Parotia berlepschi",1981,2005
"Paruwrobates andinus",1995,NA
"Parvoscincus agtorum",2009,NA
"Parvoscincus banahaoensis",2001,NA
"Parvoscincus igorotorum",2001,NA
"Parvoscincus palaliensis",2007,NA
"Parvoscincus palawanensis",1961,NA
"Parvoscincus sisoni",1992,NA
"Peltophryne fluviatica",1972,NA
"Peltophryne lemur",1930,1966
"Penelope albipennis",1876,1977
"Perdicula manipurensis",1932,2006
"Peromyscus guardia",1991,NA
"Peromyscus mekisturus",1948,NA
"Petaurus gracilis",1886,1989
"Petinomys fuscocapillus",1889,1989
"Petracola angustisoma",2007,NA
"Petracola labioocularis",1998,NA
"Pezoporus occidentalis",1912,1979
"Phaenomys ferrugineus",1940,1998
"Phaeoscincus ouinensis",2003,NA
"Phaeoscincus taomensis",2002,NA
"Phalanger matanim",1997,NA
"Pharotis imogene",1890,2012
"Phelsuma gouldi",2009,NA
"Phelsuma kely",2000,NA
"Phelsuma masohoala",1994,2016
"Philautus jacobsoni",1912,NA
"Philautus kempii",1912,NA
"Philautus microdiscus",1912,NA
"Phoboscincus bocourti",1876,2003
"Phoniscus papuensis",1897,1981
"Phrynobatrachus intermedius",2010,NA
"Phrynobatrachus manengoubensis",2008,NA
"Phrynobatrachus njiomock",2010,NA
"Phrynomedusa appendiculata",1925,NA
"Phrynopus peruanus",1874,2005
"Phyllodactylus papenfussi",2001,NA
"Phyllodactylus pulcher",1995,2011
"Phyllodytes wuchereri",1873,2004
"Phyllomys unicolor",1824,2004
"Phyllonycteris aphylla",1898,1957
"Phylloscartes roquettei",1977,1993
"Phymaturus desuetus",2006,NA
"Physalaemus moreirae",1937,NA
"Piliocolobus bouvieri",1887,2015
"Piliocolobus waldroni",1978,NA
"Pithecia vanzolinii",1956,2017
"Pithys castaneus",1938,2001
"Plagiodontia aedium",1836,1948
"Plagiopholis unipostocularis",1978,NA
"Platymantis cornutus",1922,1998
"Platymantis hazelae",1922,1998
"Plectrohyla pycnochila",1954,NA
"Plestiodon coreensis",1936,NA
"Plestiodon nietoi",2007,2017
"Plethodon ainsworthi",1964,NA
"Plethodon neomexicanus",1913,1950
"Plica lumaria",1990,NA
"Plica pansticta",1995,NA
"Ploceus aureonucha",1993,2006
"Ploceus megarhynchus",1869,1889
"Poecilotriccus senex",1830,1993
"Polypedates chlorophthalmus",2003,NA
"Pomarea mira",1985,NA
"Porphyrio hochstetteri",1898,1948
"Potamites ocellatus",1921,NA
"Potorous gilbertii",1900,1994
"Prasinohaema parkeri",1913,NA
"Prionailurus planiceps",1985,1995
"Pristimantis albericoi",1986,NA
"Pristimantis anotis",1974,NA
"Pristimantis bernali",1981,NA
"Pristimantis cacao",2001,NA
"Pristimantis caprifer",1983,NA
"Pristimantis chrysops",1997,NA
"Pristimantis cosnipatae",1999,NA
"Pristimantis deinops",2001,NA
"Pristimantis diaphonus",1993,NA
"Pristimantis diogenes",1993,NA
"Pristimantis hoogmoedi",2005,NA
"Pristimantis jaimei",1993,NA
"Pristimantis lichenoides",1995,NA
"Pristimantis longicorpus",2001,NA
"Pristimantis mars",1992,NA
"Pristimantis molybrignus",1999,NA
"Pristimantis phragmipleuron",1983,NA
"Pristimantis pugnax",1995,NA
"Pristimantis signifer",1995,NA
"Pristimantis spilogaster",1983,NA
"Pristimantis stenodiscus",1955,NA
"Pristimantis torrenticola",1994,NA
"Pristimantis xylochobates",1998,NA
"Pristurus schneideri",2004,NA
"Proablepharus barrylyoni",1984,NA
"Proceratophrys moratoi",1990,2009
"Proctoporus cephalolineatus",1985,NA
"Prolemur simus",1955,1986
"Proscelotes aenea",1928,NA
"Prostherapis dunni",1977,NA
"Prosymna ornatissima",1925,2007
"Pseudantechinus mimulus",1906,1967
"Pseudemydura umbrina",1839,1953
"Pseuderemias savagei",1961,NA
"Pseudoacontias madagascariensis",1889,NA
"Pseudoacontias menamainty",2000,NA
"Pseudoacontias unicolor",2000,NA
"Pseudobulweria aterrima",1900,1970
"Pseudobulweria becki",1929,2007
"Pseudobulweria macgillivrayi",1855,1984
"Pseudocalotes saravacensis",1993,NA
"Pseudocophotis kontumensis",2006,NA
"Pseudoeurycea anitae",1976,NA
"Pseudoeurycea aquatica",1978,NA
"Pseudoeurycea brunnata",1980,NA
"Pseudoeurycea exspectata",1976,NA
"Pseudoeurycea goebeli",2006,NA
"Pseudoeurycea mixcoatl",1977.5,NA
"Pseudoeurycea nigromaculata",1985,2006
"Pseudoeurycea teotepec",1964,NA
"Pseudoeurycea unguidentis",1976,NA
"Pseudonestor xanthophrys",1895,1950
"Pseudophilautus hypomelas",1876,2010
"Pseudophilautus stellatus",1853,2013
"Psittirostra psittacea",1989,NA
"Pteralopex anceps",1925,1995
"Pteralopex flanneryi",2000,NA
"Pteralopex pulchra",1990,NA
"Pterodroma cahow",1620,1951
"Pterodroma caribbaea",1879,NA
"Pterodroma magentae",1869,1978
"Pteropus aruensis",1992,NA
"Pteropus gilliardorum",1959,1994
"Pteropus nitendiensis",1926,1990
"Ptilinopus arcanus",1953,NA
"Ptychohyla dendrophasma",1998,NA
"Ptyodactylus homolepis",1876,NA
"Pulchrana guttmani",1993,2020
"Pulchrana melanomenta",1920,2004
"Pycnonotus nieuwenhuisii",1937,1992
"Pyrrhula murina",1932,1967
"Pyrrhura subandina",1949,NA
"Python kyaiktiyo",2003,NA
"Raclitia indica",1995,2014
"Rafetus swinhoei",1995,2020
"Rallus antarcticus",1959,1998
"Ramphotyphlops aluensis",1887,2003
"Rana chevronta",1983,NA
"Raorchestes chalazodes",1878,2003
"Raorchestes sanctisilvaticus",1963,2017
"Raorchestes travancoricus",1853,2010
"Rattus giluwensis",1983,2005
"Rhacophorus bifasciatus",1926,2006
"Rhacophorus lateralis",1883,2000
"Rhacophorus poecilonotus",1920,2000
"Rhagomys rufescens",1917,2003
"Rhinella amabilis",1968,NA
"Rhinella chrysophora",1996,NA
"Rhinella leptoscelis",1912,2006
"Rhinella rostrata",1914,NA
"Rhinoderma rufum",1981,NA
"Rhinolophus hilli",1981,2019
"Rhinolophus maclaudi",1967,2002
"Rhinolophus osgoodi",1939,2003
"Rhinopithecus avunculus",1912,1992
"Rhinopithecus bieti",1897,1960
"Rhinoptilus bitorquatus",2009,NA
"Rhipidura malaitae",1930,1990
"Rhodonessa caryophyllacea",1949,NA
"Rhynchomeles prattorum",1920,NA
"Riama inanis",1983,NA
"Riolama luridiventris",1992,NA
"Riolama uzzelli",1992,NA
"Ristella rurkii",1839,2018
"Saccopteryx antioquensis",1996,NA
"Sarcohyla calvicollina",1980,NA
"Sarcohyla charadricola",1961,NA
"Sarcohyla cyanomma",1980,NA
"Sarcohyla pachyderma",1940,NA
"Sarcohyla psarosema",1978,NA
"Sarcohyla sabrina",1975,NA
"Sarcohyla siopela",1975,NA
"Sarothrura watersi",1930,1987
"Sceloporus exsul",1972,2017
"Scelotes duttoni",1990,NA
"Scelotes poensis",1895,NA
"Scincella darevskii",2002,NA
"Scincella macrotis",1867,NA
"Scincella przewalskii",1880,NA
"Scincella rara",1997,NA
"Scolecoseps acontias",1913,NA
"Scolecoseps boulengeri",1948,NA
"Scutiger maculatus",1978,NA
"Setopagis maculosa",1917,NA
"Siebenrockiella leytensis",1920,2004
"Sigaloseps balios",2009,NA
"Siphonorhis americana",1860,NA
"Siphonorhis brewsteri",1928,1969
"Sitana fusca",1996,NA
"Sitana schleichi",2001,NA
"Sminthopsis douglasi",1972,1991
"Sminthopsis longicaudata",1935,1984
"Sminthopsis psammophila",1894,1969
"Spalax istricus",1983,NA
"Spelaeornis badeigularis",1947,2004
"Sphaenorhynchus pauloalvini",1973,2007
"Sphaerodactylus bromeliarum",2005,NA
"Sphaerodactylus cochranae",2008,NA
"Sphaerodactylus elasmorhynchus",1966,NA
"Sphaerodactylus epiurus",1991,NA
"Sphaerodactylus gilvitorques",1862,NA
"Sphaerodactylus lazelli",1960,NA
"Sphaerodactylus nycteropus",1977,NA
"Sphaerodactylus plummeri",1991,NA
"Sphaerodactylus sommeri",1985,NA
"Sphaerodactylus williamsi",1978,NA
"Sphenomorphus bacboensis",1986,NA
"Sphenomorphus buettikoferi",1894,NA
"Sphenomorphus capitolythos",1923,NA
"Sphenomorphus cinereus",1969,NA
"Sphenomorphus consobrinus",2006,NA
"Sphenomorphus courcyanus",1912,NA
"Sphenomorphus crassus",1990,NA
"Sphenomorphus dekkerae",1952,NA
"Sphenomorphus fragosus",1966,NA
"Sphenomorphus fuscolineatus",2005,NA
"Sphenomorphus grandisonae",1935,NA
"Sphenomorphus haasi",1984,NA
"Sphenomorphus helenae",1923,NA
"Sphenomorphus leptofasciatus",1986,NA
"Sphenomorphus longicaudatus",2000,NA
"Sphenomorphus louisiadensis",2004,NA
"Sphenomorphus malaisei",1937,NA
"Sphenomorphus mimikanus",1997,NA
"Sphenomorphus murudensis",1999,NA
"Sphenomorphus neuhaussi",1988,NA
"Sphenomorphus oligolepis",2009,NA
"Sphenomorphus orientalis",2005,NA
"Sphenomorphus rarus",1983,NA
"Sphenomorphus sanana",1990,NA
"Sphenomorphus schlegeli",1969,NA
"Sphenomorphus shelfordi",1899,NA
"Sphenomorphus tanneri",1999,NA
"Sphenomorphus taylori",1966,NA
"Sphenomorphus tenuiculus",1890,NA
"Sphenomorphus tetradactylus",2005,NA
"Sphenomorphus transversus",1962,NA
"Sphenomorphus tritaeniatus",1937,NA
"Sphenomorphus vanhuerni",1931,NA
"Sphenomorphus wollastoni",1913,NA
"Sphenomorphus zimmeri",1932,NA
"Spondylurus anegadae",1968,NA
"Spondylurus haitiae",1858,NA
"Spondylurus lineolatus",1985,NA
"Spondylurus macleani",1996,NA
"Spondylurus magnacruzae",2000,NA
"Spondylurus martinae",1965,NA
"Spondylurus monae",1994,NA
"Spondylurus spilonotus",1877,NA
"Stachyris herberti",1920,1994
"Stenocercus amydrorhytus",1997,NA
"Stenocercus haenschi",1899,NA
"Stenocercus ivitus",1970,NA
"Stenocercus johaberfellneri",1997,NA
"Stenocercus nigromaculatus",1970,NA
"Stenocercus praeornatus",1969,NA
"Stenocercus tricristatus",1851,NA
"Strabomantis cadenai",1982,NA
"Strabomantis helonotus",1959,NA
"Strabomantis necerus",1995,NA
"Sylvietta chapini",1942,NA
"Sylvilagus insonus",1902.5,NA
"Synallaxis kollari",1832,1966
"Tadorna cristata",1964,NA
"Takydromus madaensis",1990,NA
"Takydromus sikkimensis",2006,NA
"Tantilla albiceps",1925,NA
"Tantilla tecta",1992,NA
"Tanygnathus gramineus",1922,1980
"Tarsius pumilus",1930,2000
"Telmatobius bolivianus",2007,NA
"Telmatobius ceiorum",1984,NA
"Telmatobius cirrhacelis",1981,NA
"Telmatobius colanensis",1978,NA
"Telmatobius degener",1972,NA
"Telmatobius edaphonastes",1999,NA
"Telmatobius espadai",1998,NA
"Telmatobius gigas",1966,1998
"Telmatobius halli",1935,2020
"Telmatobius hockingi",1992,NA
"Telmatobius laticeps",1993,NA
"Telmatobius mendelsoni",2007,NA
"Telmatobius necopinus",1989,NA
"Telmatobius niger",1994,NA
"Telmatobius pefauri",1976,NA
"Telmatobius sibiricus",2003,NA
"Telmatobius thompsoni",1972,NA
"Telmatobius vellardi",1987,NA
"Telmatobufo venustus",1899,1999
"Tetradactylus udzungwensis",2002,NA
"Thallomys shortridgei",1932,NA
"Thamnophilus praecox",1937,1991
"Thaumatibis gigantea",1962,1993
"Thorius infernalis",1985,NA
"Thorius longicaudus",1998,NA
"Thorius magnipes",2003,NA
"Thorius minutissimus",1949,2001
"Thoropa petropolitana",1979,NA
"Thripophaga cherriei",1970,1999
"Thryophilus nicefori",1945,1989
"Tiliqua adelaidensis",1955,1992
"Tityra leucura",2007,NA
"Tokudaia muenninki",1978,2008
"Tolypeutes tricinctus",1973,1993
"Toxostoma guttatum",2004,NA
"Trachyboa gularis",2008.5,NA
"Trachylepis betsileana",1906,NA
"Trachylepis loluiensis",2007,NA
"Trachylepis nganghae",2001,NA
"Trachylepis pendeana",1994,NA
"Trachylepis vezo",2009,NA
"Trachypithecus delacouri",1930,1987
"Tragulus versicolor",1990,2019
"Tribolonotus parkeri",2005,NA
"Tribolonotus ponceleti",1986,NA
"Trimetopon viquezi",1927,NA
"Trioceros chapini",1931,NA
"Tropidophis hendersoni",1945,2014
"Tropidophorus hangnam",2005,NA
"Tropidophorus iniquus",1894,NA
"Tropidophorus latiscutatus",1996,NA
"Tropidophorus matsuii",1996,NA
"Tropidophorus murphyi",1998,NA
"Tropiocolotes wolfgangboehmei",2001,NA
"Turnix novaecaledoniae",1911,NA
"Tylomys bullaris",1970,NA
"Tylomys tumbalensis",1970,NA
"Tympanocryptis pinguicolla",1969,NA
"Tympanoctomys loschalchalerosorum",2000,NA
"Typhlacontias rudebecki",1956,NA
"Typhlops agoralionis",1991,NA
"Typhlops tetrathyreus",1976,NA
"Tyto sororcula",1923,1996
"Tyto soumagnei",1973,1993
"Tytthoscincus perhentianensis",2007,NA
"Uraeotyphlus interruptus",1992,NA
"Uraeotyphlus malabaricus",1870,NA
"Uraeotyphlus menoni",1913,NA
"Uraeotyphlus oommeni",1987,NA
"Urocotyledon rasmusseni",2004,NA
"Uromys emmae",1945,NA
"Uromys imperator",1888,NA
"Uromys porculus",1888,NA
"Vanellus macropterus",1939,NA
"Varanus auffenbergi",2005,NA
"Varanus douarrha",1823,2012
"Varanus telenesetes",1912.5,NA
"Varanus zugorum",1980,NA
"Vermivora bachmanii",1988,NA
"Vietnascincus rugosus",1987,NA
"Vijayachelys silvatica",1911,1982
"Vipera anatolica",1985,2014
"Viverra civettina",1989,NA
"Voeltzkowia mobydick",2004,NA
"Wakea madinika",2001,NA
"Werneria mertensiana",2010,NA
"Xenoglaux loweryi",1976,2007
"Xenotyphlops mocquardi",1905,2005
"Xylophis stenorhynchus",1878,2019
"Zaglossus attenboroughi",1961,NA
"Zosterops meeki",1990,2004
"Zyzomys pedunculatus",1966,1996
"Zapornia olivieri",1962,1995
"Saucerottia castaneiventris",1979,2004
"Sclerophrys danielae",1977,NA
"Leposternon cerradensis",2006,NA
"Rhaebo olallai",1970,2012
"Ghatophryne ornata",1890,1990
"Boana clepsydra",1925,NA
"Glyphoglossus volzi",1905,1999
"Antrostomus noctitherus",1911,1961
"Sapajus flavius",1774,2006
"Siderolamprus adercus",2009,NA
"Caribicus anelpistus",1977,NA
"Siderolamprus ingridae",2001,NA
"Centrolene geckoidea",1997,NA
"Centrolene pipilata",1977,NA
"Chirixalus simus",1911,1999
"Laniellus langbianis",1938,1994
"Hypselotriton wolterstorffi",1979,NA
"Rheosaurus sulcarostrum",2004,NA
"Limnonectes ghoshi",1975,NA
"Ianthocincla bieti",1989,2008
"Pterorhinus courtoisi",1919,2000
"Sanguirana igorota",1920,2001
"Stereocyclops histrio",1954,2000
"Boana cymbalum",1965,NA
"Boana melanopleura",1912,2004
"Leptobrachella lateralis",1871,2008
"Platyplectrum melanopyga",1927,1956
"Carpodacus sillemi",1929,2012
"Ornithuroscincus nototaenia",1975,NA
"Gekko gulat",2007,NA
"Gekko iskandari",1998,NA
"Lygisaurus absconditus",2003,NA
"Notamacropus parma",1932,1966
"Phantasmarana massarti",1930,NA
"Cincloramphus rufus",1894,2002
"Microtus liechtensteini",1976,2004
"Minervarya nilagirica",1979,NA
"Minervarya mysorensis",1937,NA
"Symposiachrus boanensis",1918,1991
"Symposiachrus julianae",1955,1986
"Crithagra concolor",1888,1991
"Carinascincus palfreymani",2001,NA
"Lagothrix flavicauda",1926,1974
"Catopuma badia",1928,1992
"Tyto prigoginei",1951,1996
"Pseudohynobius puxiongensis",1965,2009
"Alopoglossus eurylepis",1984,NA
"Alopoglossus grandisquamatus",1981,NA
"Andinosaura afrania",1989,NA
"Oreosaurus luctuosus",2005,NA
"Andinosaura stellae",1986,NA
"Syndactyla striata",1935,1989
"Tytthoscincus cophias",1967,NA
"Sphenomorphus modiglianii",1894,NA
"Thalasseus bernsteini",1991,2001
"Eupherusa ridgwayi",1900,1950
"Lipaugus conditus",1942,1980
